cluster_id,n_nodes,n_seed,sum_kzt_internal,top_gids,hypothesis
0,277,1,31227334.24,100000005910114100;100000000437046100;100000008477350100;100000004400305100;100000002398779100,"Смешанная структура: consolidator=9, distributor=3, transit=11, terminal=8, coordinator=9, peripheral=237; требуется ручной разбор"
1,270,1,10178044.00,100000002578405100;100000001697501100;100000008493007100;100000002527114100;100000002733905100,Признаки веерного распределения от 100000002578405100 на 116 получателей
2,158,1,32434270.59,100000008489922100;100000008547948100;100000008710791100;100000008547844100;100000008517538100,Признаки веерного распределения от 100000008489922100 на 36 получателей
3,146,3,19519090.00,100000008165763100;100000008304139100;100000004847758100;100000005830339100;100000003249054100,Признаки сбора средств от 3 seed с концентрацией у 100000008165763100
4,127,7,18414962.28,100000006518161100;100000001530983100;100000004707703100;100000008636603100;100000004188160100,Признаки сбора средств от 7 seed с концентрацией у 100000008636603100
5,126,0,24907250.33,100000000331309100;100000000332284100;100000008560717100;100000003741418100;100000006734214100,Фрагмент без seed на 1-м колене; назначение не определено
6,106,0,11794744.00,100000008603629100;100000001857829100;100000000661912100;100000003880331100;100000002723538100,Фрагмент без seed на 1-м колене; назначение не определено
7,61,0,4350466.67,100000005704413100;100000005578559100;100000004569484100;100000008104567100;100000005473151100,Фрагмент без seed на 1-м колене; назначение не определено
8,61,3,8902320.00,100000004015047100;100000008748408100;100000006788200100;100000002870463100;100000003111305100,Признаки сбора средств от 3 seed с концентрацией у 100000004015047100
9,60,0,15020787.00,100000005242320100;100000008512827100;100000005514161100;100000001282143100;100000002956769100,Признаки веерного распределения от 100000005242320100 на 21 получателей
10,56,1,10014014.02,100000005782781100;100000002921047100;100000002894076100;100000005778283100;100000003158727100,"Смешанная структура: consolidator=1, distributor=1, transit=2, terminal=7, peripheral=45; требуется ручной разбор"
11,54,1,6244622.00,100000003115284100;100000008730846100;100000007998965100;100000003809101100;100000000343175100,Признаки веерного распределения от 100000000343175100 на 31 получателей
12,53,1,2993313.00,100000003265158100;100000001899164100;100000004662806100;100000004420041100;100000008443341100,"Смешанная структура: distributor=1, transit=3, peripheral=49; требуется ручной разбор"
13,52,5,4171441.00,100000008346837100;100000005074393100;100000000489417100;100000008733194100;100000008003034100,Признаки сбора средств от 5 seed с концентрацией у 100000008346837100
14,44,0,10215968.84,100000005933757100;100000002963189100;100000004159526100;100000001937767100;100000001073568100,Фрагмент без seed на 1-м колене; назначение не определено
15,41,3,4888834.28,100000004156082100;100000005339662100;100000004820260100;100000008188026100;100000001987030100,"Смешанная структура: distributor=1, transit=3, terminal=2, peripheral=35; требуется ручной разбор"
16,41,0,5151924.19,100000003242289100;100000008413748100;100000008512552100;100000006225798100;100000003178549100,Признаки веерного распределения от 100000003242289100 на 23 получателей
17,30,1,6513430.00,100000007594394100;100000003854444100;100000008546855100;100000006274203100;100000005661829100,"Смешанная структура: consolidator=2, distributor=1, transit=2, terminal=2, peripheral=23; требуется ручной разбор"
18,29,0,446070.00,100000008460102100;100000001164648100;100000004891562100;100000002706810100;100000008715513100,Признаки веерного распределения от 100000008460102100 на 31 получателей
19,26,14,2289450.00,100000004403675100;100000005382566100;100000003823811100;100000008254069100;100000004744306100,Признаки сбора средств от 14 seed с концентрацией у 100000004403675100
20,25,0,5089597.00,100000006977207100;100000005527892100;100000008343874100;100000002459832100;100000002936322100,Признаки веерного распределения от 100000006977207100 на 15 получателей
21,25,0,7556605.00,100000008743913100;100000008710843100;100000002748532100;100000001303311100;100000007229557100,Фрагмент без seed на 2-м колене; назначение не определено
22,20,0,617900.00,100000002448088100;100000000723383100;100000001427082100;100000003154105100;100000002185328100,Фрагмент без seed на 2-м колене; назначение не определено
23,18,0,3422800.00,100000003701161100;100000008137435100;100000002267998100;100000003718221100;100000003104347100,Фрагмент без seed на 1-м колене; назначение не определено
24,17,1,21586840.00,100000002224132100;100000004603109100;100000001965374100;100000005664922100;100000003835149100,"Смешанная структура: consolidator=1, terminal=1, peripheral=15; требуется ручной разбор"
25,17,1,2977887.00,100000004160650100;100000002731501100;100000004005964100;100000001330595100;100000003616818100,Признаки веерного распределения от 100000004160650100 на 10 получателей
26,15,0,850450.00,100000005505655100;100000002472632100;100000001526235100;100000002984403100;100000000860514100,Фрагмент без seed на 1-м колене; назначение не определено
27,15,0,3626010.00,100000008461532100;100000006704530100;100000000791285100;100000003122817100;100000003470579100,Фрагмент без seed на 2-м колене; назначение не определено
28,14,0,1605604.00,100000007382543100;100000008213966100;100000000838385100;100000003001661100;100000008655779100,Фрагмент без seed на 2-м колене; назначение не определено
29,13,1,1392916.00,100000003164661100;100000005077484100;100000001380054100;100000000703894100;100000001782980100,"Изолированный фрагмент из 13 узлов, связь с основной сетью не наблюдается"
30,13,0,6748650.00,100000007442518100;100000008258083100;100000000673868100;100000000821507100;100000002911170100,Фрагмент без seed на 1-м колене; назначение не определено
31,11,0,3784703.00,100000003004487100;100000003557488100;100000001317336100;100000002175422100;100000005042822100,Фрагмент без seed на 1-м колене; назначение не определено
32,10,0,322010.00,100000008172352100;100000001597505100;100000007322059100;100000004552204100;100000000993112100,Фрагмент без seed на 1-м колене; назначение не определено
33,10,0,603900.00,100000003635170100;100000004209339100;100000008501413100;100000002156381100;100000002696152100,Фрагмент без seed на 1-м колене; назначение не определено
34,10,0,1727065.00,100000005519998100;100000004076740100;100000004336312100;100000004017410100;100000005767403100,Фрагмент без seed на 1-м колене; назначение не определено
35,9,0,1406982.00,100000002217161100;100000007647294100;100000001445848100;100000008254576100;100000002242066100,Фрагмент без seed на 2-м колене; назначение не определено
36,8,0,2473417.91,100000004906181100;100000008175078100;100000008675322100;100000000557536100;100000008349740100,Фрагмент без seed на 3-м колене; назначение не определено
37,8,0,389000.00,100000005507142100;100000001825934100;100000002612809100;100000005264874100;100000002214207100,Фрагмент без seed на 2-м колене; назначение не определено
38,7,0,143000.00,100000000507799100;100000005911352100;100000004508696100;100000002217806100;100000004549591100,Фрагмент без seed на 1-м колене; назначение не определено
39,7,0,3077000.00,100000002241986100;100000001053894100;100000002594214100;100000004047887100;100000001286703100,Фрагмент без seed на 3-м колене; назначение не определено
40,7,3,4442461.00,100000003404627100;100000002681449100;100000008637537100;100000001732159100;100000008232832100,"Смешанная структура: terminal=1, peripheral=6; требуется ручной разбор"
41,7,0,1765600.00,100000007392365100;100000007865484100;100000008551752100;100000003631015100;100000004976946100,Фрагмент без seed на 3-м колене; назначение не определено
42,7,0,1268308.00,100000008011159100;100000006169033100;100000006232642100;100000003664994100;100000005754335100,Фрагмент без seed на 2-м колене; назначение не определено
43,6,1,1615030.00,100000008736940100;100000008193577100;100000005456919100;100000008751429100;100000008659445100,"Изолированный фрагмент из 6 узлов, связь с основной сетью не наблюдается"
44,6,1,1527967.00,100000007939160100;100000005183943100;100000003888271100;100000000580561100;100000000955444100,"Изолированный фрагмент из 6 узлов, связь с основной сетью не наблюдается"
45,6,0,2540000.00,100000004479404100;100000004717647100;100000002922000100;100000002659103100;100000001533161100,Фрагмент без seed на 2-м колене; назначение не определено
46,6,1,275885.00,100000005895525100;100000002462183100;100000005056870100;100000007175718100;100000005807278100,"Изолированный фрагмент из 6 узлов, связь с основной сетью не наблюдается"
47,6,0,2534500.00,100000003747133100;100000004722765100;100000005075949100;100000006527156100;100000002578653100,Фрагмент без seed на 2-м колене; назначение не определено
48,6,0,720900.00,100000008761219100;100000007472293100;100000006638021100;100000008333492100;100000002794374100,Фрагмент без seed на 3-м колене; назначение не определено
49,6,1,383300.00,100000004094958100;100000005546031100;100000005363908100;100000004331458100;100000005547096100,Признаки транзитной цепочки: средства проходят без удержания
50,5,0,1189154.00,100000000291906100;100000000291908100;100000004670388100;100000004722630100;100000004691350100,Фрагмент без seed на 2-м колене; назначение не определено
51,5,0,172000.00,100000004659919100;100000005031696100;100000001223977100;100000002700161100;100000008461217100,Фрагмент без seed на 2-м колене; назначение не определено
52,5,1,2809200.00,100000004135268100;100000007507343100;100000002738256100;100000004979498100;100000008571433100,Признаки транзитной цепочки: средства проходят без удержания
53,5,2,108007.00,100000006562026100;100000007347733100;100000008129393100;100000006249740100;100000006831291100,"Изолированный фрагмент из 5 узлов, связь с основной сетью не наблюдается"
54,4,0,460000.00,100000006069103100;100000000201868100;100000003192220100;100000006787636100,Признаки транзитной цепочки: средства проходят без удержания
55,4,0,518000.00,100000002205022100;100000003163886100;100000000629812100;100000001380107100,Фрагмент без seed на 2-м колене; назначение не определено
56,4,1,1404980.00,100000001872484100;100000008601794100;100000000785800100;100000002459163100,"Изолированный фрагмент из 4 узлов, связь с основной сетью не наблюдается"
57,4,0,1595700.00,100000001052945100;100000001131403100;100000004616845100;100000005146665100,Фрагмент без seed на 3-м колене; назначение не определено
58,4,0,832800.00,100000003159641100;100000008625905100;100000001065234100;100000002194320100,Фрагмент без seed на 2-м колене; назначение не определено
59,4,1,79050.00,100000006888238100;100000003148220100;100000001852140100;100000004971871100,"Изолированный фрагмент из 4 узлов, связь с основной сетью не наблюдается"
60,4,0,332709.00,100000002513028100;100000004610802100;100000002516862100;100000004780083100,Фрагмент без seed на 3-м колене; назначение не определено
61,3,1,450000.00,100000002371751100;100000000769919100;100000007018630100,"Изолированный фрагмент из 3 узлов, связь с основной сетью не наблюдается"
62,3,0,553830.00,100000003321895100;100000003692843100;100000002371892100,Фрагмент без seed на 3-м колене; назначение не определено
63,3,1,390167.62,100000002781227100;100000002796853100;100000008522127100,Признаки транзитной цепочки: средства проходят без удержания
64,3,0,1557988.00,100000008258458100;100000004035925100;100000008619159100,Фрагмент без seed на 3-м колене; назначение не определено
65,3,1,450816.00,100000005034574100;100000007283257100;100000004388983100,"Изолированный фрагмент из 3 узлов, связь с основной сетью не наблюдается"
66,3,0,627870.00,100000008628231100;100000004666651100;100000005664632100,Фрагмент без seed на 1-м колене; назначение не определено
67,2,0,761255.00,100000000583220100;100000004586598100,Фрагмент без seed на 3-м колене; назначение не определено
68,2,1,30000.00,100000003980083100;100000003200071100,"Изолированный фрагмент из 2 узлов, связь с основной сетью не наблюдается"
69,2,1,81465.00,100000003865939100;100000005392290100,"Изолированный фрагмент из 2 узлов, связь с основной сетью не наблюдается"
70,2,0,584900.00,100000008430691100;100000007330432100,Фрагмент без seed на 3-м колене; назначение не определено
71,2,0,857500.00,100000008324800100;100000007390016100,Признаки транзитной цепочки: средства проходят без удержания
72,1,1,0.00,100000000456947100,"Изолированный узел: переводов в выгрузке нет, данных для гипотезы недостаточно"
73,1,1,0.00,100000003265658100,"Изолированный узел: переводов в выгрузке нет, данных для гипотезы недостаточно"
74,1,1,0.00,100000003349739100,"Изолированный узел: переводов в выгрузке нет, данных для гипотезы недостаточно"
75,1,1,0.00,100000003770083100,"Изолированный узел: переводов в выгрузке нет, данных для гипотезы недостаточно"
76,1,1,0.00,100000004021459100,"Изолированный узел: переводов в выгрузке нет, данных для гипотезы недостаточно"
77,1,1,0.00,100000004174835100,"Изолированный узел: переводов в выгрузке нет, данных для гипотезы недостаточно"
78,1,1,0.00,100000005017150100,"Изолированный узел: переводов в выгрузке нет, данных для гипотезы недостаточно"
79,1,1,0.00,100000005087431100,"Изолированный узел: переводов в выгрузке нет, данных для гипотезы недостаточно"
80,1,1,0.00,100000005235389100,"Изолированный узел: переводов в выгрузке нет, данных для гипотезы недостаточно"
81,1,1,0.00,100000005480435100,"Изолированный узел: переводов в выгрузке нет, данных для гипотезы недостаточно"
82,1,1,0.00,100000005495722100,"Изолированный узел: переводов в выгрузке нет, данных для гипотезы недостаточно"
83,1,1,0.00,100000005550592100,"Изолированный узел: переводов в выгрузке нет, данных для гипотезы недостаточно"
84,1,1,0.00,100000005560900100,"Изолированный узел: переводов в выгрузке нет, данных для гипотезы недостаточно"
85,1,1,0.00,100000005568407100,"Изолированный узел: переводов в выгрузке нет, данных для гипотезы недостаточно"
86,1,1,0.00,100000008117324100,"Изолированный узел: переводов в выгрузке нет, данных для гипотезы недостаточно"
87,1,1,0.00,100000008205000100,"Изолированный узел: переводов в выгрузке нет, данных для гипотезы недостаточно"
88,1,1,0.00,100000008513251100,"Изолированный узел: переводов в выгрузке нет, данных для гипотезы недостаточно"
89,1,1,0.00,100000008669037100,"Изолированный узел: переводов в выгрузке нет, данных для гипотезы недостаточно"
90,1,1,0.00,100000008701222100,"Изолированный узел: переводов в выгрузке нет, данных для гипотезы недостаточно"
